"Firouzja, Alireza",2364,"Peng, David T",2231,0-1,"1""]"
N/A,N/A,N/A,N/A,N/A
N/A,N/A,N/A,N/A,N/A
N/A,N/A,N/A,N/A,N/A,"11.09""]", e4 c5 2. Nf3 d6 3. d4 cxd4 4. Nxd4 Nf6 5. Nc3 Nc6 6. Bg5 e6 7. Bb5 Bd7 8., Qf3 Qb6 10. Bxf6 gxf6 11. Nde2 Be7 12. b3 Qa5 13. O-O h5 14. Rad1, h3 Rg8 16. Rd2 Qg5 17. Rfd1 e5 18. Na4 f5 19. c4 fxe4 20. Qxe4 f5 21. f4, fxg5 Rxg5 23. Kh1 Bf5 24. Nec3 e3 25. Re2 Rg3 26. b4 Bg6 27. Rb2 Bf7, b5 Bxc4 29. bxc6 Rc8 30. Rc1 Rxc6 31. Ne2 Rg6 32. Ng1 Bd5 33. Re1 Rc4 0-1
"Firouzja, Alireza",2364,"Turgut, Aydin",1884,1/2-1/2,"2""]"
N/A,N/A,N/A,N/A,N/A
N/A,N/A,N/A,N/A,N/A
N/A,N/A,N/A,N/A,N/A,"11.02""]", e4 e5 2. Nf3 Nc6 3. Bb5 a6 4. Ba4 Nf6 5. O-O Be7 6. Re1 b5 7. Bb3 O-O 8. a4, d4 d6 10. dxe5 dxe5 11. Qxd8 Rxd8 12. Bg5 Be6 13. Bxe6 fxe6 14. Nbd2 h6, Be3 Ng4 16. Nc4 Nxe3 17. fxe3 Bf6 18. a5 Kf7 19. b3 Rab8 20. Rf1 Ke7 21., Nd3 Rd7 23. Ra4 Rd8 24. g3 Rg8 25. Kg2 Rh8 26. h4 h5 27. Kh3 Rh7, Rd1 Rh8 29. Rd2 Rd8 30. Ra1 Rd7 31. g4 hxg4+ 32. Kxg4 Rd8 33. h5 Rh8 34., Ra4 Nc6 36. Nd2 Rh6 37. Nf3 Rh8 38. Rh1 Rh6 39. Rc1 g6 40. c3 gxh5+, Kh3 Kd7 42. cxb4 Be7 43. Ra2 Rf6 44. Kg2 Nxb4 45. Ndxe5+ Kc8 46. Rd2 Bc5, Nc4 Nc6 48. Rdc2 Nb4 49. Rd2 Nc6 50. Ra2 Rg6+ 51. Kh3 Rxb3 52. Re1 Rc3 53., Nfd2 Rf2 55. Kg3 Rf8 56. Kh4 Rd8 57. Nf3 Rdd3 58. Kxh5 Bxe3 59. Nb2, Rc4 Rxc4 61. Nxc4 Bf4 62. e5 Nd4 63. Ng1 Nf5 64. Ne2 Bh6 65. Kg6 Kd7, Rd1+ Ke7 67. Rxd8 Kxd8 68. Kf7 Kd7 69. Nc3 Ne3 70. Nb2 Ng4 71. Nd3 Bd2 72., Nec5+ Kc6 74. Nxe6 Nxe5+ 75. Nxe5+ Kd5 76. Nd3 c6 77. Ndc5 Bb4
"Firouzja, Alireza",2364,"Abdusattorov, Nodirbek",2432,1/2-1/2,"1""]"
N/A,N/A,N/A,N/A,N/A
N/A,N/A,N/A,N/A,N/A
N/A,N/A,N/A,N/A,N/A,"11.02""]", e4 c5 2. Nf3 d6 3. d4 cxd4 4. Nxd4 Nf6 5. Nc3 a6 6. Be3 e5 7. Nb3 Be6 8. h3, g4 h6 10. Qd2 b5 11. O-O-O Rc8 12. Kb1 Nb6 13. f4 b4 14. Bxb6 Qxb6 15., exd5 Bd7 17. Re1 f6 18. Bd3 Be7 19. Bg6+ Kd8 20. Bf5 Rc4 21. Bxd7, Rhf1 Rhc8 23. fxe5 dxe5 24. Qd3 Rxc2 25. Qf5+ Kd8 26. d6 Bxd6 27. Qe6
"Firouzja, Alireza",2364,"Mitev, Valentin",2090,1-0,"2""]"
N/A,N/A,N/A,N/A,N/A
N/A,N/A,N/A,N/A,N/A
N/A,N/A,N/A,N/A,N/A,"11.02""]", e4 c5 2. Nc3 Nc6 3. Bb5 Nd4 4. Bc4 e6 5. Nge2 Nf6 6. O-O a6 7. a4 Be7 8. d3, Nxd4 cxd4 10. Ne2 e5 11. c3 dxc3 12. Nxc3 Be6 13. Qb3 Qd7 14. Be3 O-O 15., Rfd1 Rc7 17. a5 Bxc4 18. dxc4 Qc6 19. Ra4 Rfc8 20. Qc2 Bf8 21. Kh1, b3 Be7 23. Qb1 h6 24. Ra2 Rc6 25. Rad2 Qf8 26. Rd3 Kh8 27. Na4 Nd7 28., Bxb6 Bd8 30. Bxd8 Qxd8 31. Rd5 Qc7 32. Qa2 f6 33. Qd2 Rd8 34. h3, f4 exf4 36. Qxf4 Qe7 37. R1d3 Qc7 38. Rg3 Kf8 39. Rh5 Qf7 40. Rxh6 gxh6, Qxh6+ Ke7 42. Rg7 Rf8 43. Rxf7+ Rxf7 44. Qd2 Rg7 45. g4 Rc5 46. Qb4 Ke6 47., Kf3 Rh7 49. Kf4 Rc5 50. Qb6 Rd7 51. h4 Kf7 52. Qb4 Re7 53. Qd2 Rce5, Qd4 R7e6 55. b4 Kg6 56. Kf3 Kh6 57. Qe3+ Kg6 58. h5+ Kg7 59. Qb6 Re7 60., h6+ Kf7 62. Qd3 R4e6 63. Qh7+ Ke8 64. Qg8+ Kd7 65. h7 Re3+ 66., Kf5 Re5+ 68. Kg6 Rg5+ 69. Kxf6 1-0
"Firouzja, Alireza",2364,"Martinovici, Ilie",2031,1-0,"2""]"
N/A,N/A,N/A,N/A,N/A
N/A,N/A,N/A,N/A,N/A
N/A,N/A,N/A,N/A,N/A,"11.02""]", Nf3 Nf6 2. g3 d5 3. Bg2 e6 4. c4 Be7 5. O-O O-O 6. b3 b6 7. Bb2 Bb7 8. cxd5, d4 Nd7 10. Nbd2 N5f6 11. Rc1 Rc8 12. Nc4 Bd5 13. Nce5 c5 14. Nxd7 Qxd7, dxc5 Rxc5 16. Rxc5 bxc5 17. Ne5 Qb7 18. Bxd5 exd5 19. Qc2 Nd7 20. Rd1 Nxe5, Bxe5 Rd8 22. e3 Qc6 23. Bb2 Qe6 24. Ba3 Rc8 25. Qd2 Rd8 26. Qa5 Qb6 27. Qa4, Bb2 a6 29. Bc3 Qb5 30. Qf4 Qe2 31. Rd2 Qg4 32. Ba5 Qxf4 33. gxf4 Rd7 34., Kf1 g5 36. f3 Kh7 37. Ke2 Bd6 38. e5 Bb8 39. Kd3 gxf4 40. Re2 Re7 41., Bxa7 Rxa7 43. Rc2 Kg6 44. Rxc5 Kf5 45. Kxd4 Rd7+ 46. Rd5 Rc7 47., Rxh5 Rc2 49. Ra5 Rxh2 50. Ke4 Kf6 51. Rxa6+ Kg5 52. Ra5+ f5+ 53., Rxf4+ Kg3 55. Rg4+ Kh3 56. b4 Rxa2 57. Kd5 Ra3 58. b5 Rxf3 59., Ke6 Rh5 61. b6 Rh6+ 62. Kd5 Rh5+ 63. Kc6 Rh6+ 64. Kb5 1-0
"Firouzja, Alireza",2291,"Alavi, S.",2454,1/2-1/2,"4""]"
N/A,N/A,N/A,N/A,N/A
N/A,N/A,N/A,N/A,N/A
N/A,N/A,N/A,N/A,N/A,"01.26""]", e4 e5 2. Nf3 Nc6 3. Bc4 Nf6 4. d3 Bc5 5. c3 a6 6. O-O d6 7. Bb3 O-O 8. Nbd2, h3 h6 10. Re1 Be6 11. Nf1 d5 12. Qe2 Qd7 13. Ng3 Rad8 14. Bc2 d4 15. Rd1, Qe1 Kh7 17. Bb3 Qc8 18. Bxe6 Rxe6 19. Nf5 Bf8 20. cxd4 exd4 21. Qd2 Ng8, a3 Nge7 23. Ng3 Ng6 24. Nf5 Nge7 25. Ng3 Ng6 26. Nf5 Rf6 27. Qe2 Qe6 28. g4, Re1 Nf4 30. Bxf4 Bxf4 31. e5 Rxf5 32. gxf5 Qxf5 33. Qe4 Ne7 34. Qxf5+, Re4 g5 36. Rae1 c5 37. b3 Ng7 38. b4 1/2-1/2
"Firouzja, Alireza",2291,"Shah Moradi, Mohammad",2168,1-0,"12""]"
N/A,N/A,N/A,N/A,N/A
N/A,N/A,N/A,N/A,N/A
N/A,N/A,N/A,N/A,N/A,"01.26""]", e4 c5 2. Nf3 d6 3. d4 cxd4 4. Nxd4 Nf6 5. Nc3 Nc6 6. Bc4 Qb6 7. Nb3 e6 8., Be2 Be7 10. O-O a6 11. a4 O-O 12. a5 Qc7 13. Qd4 Bd7 14. Rfd1 Rac8, Bg3 Bc6 16. h3 Rfd8 17. Qe3 Be8 18. Rd2 Nc4 19. Bxc4 Qxc4 20. Rad1 Qc6 21., Rd4 Rd7 23. Nc1 d5 24. Nd3 Rdd8 25. Ne5 Qc5 26. Bf4 Bf8 27. exd5, Nxd5 Rxd5 29. Rxd5 exd5 30. c3 Qxa5 31. Qg3 g6 32. Ng4 Qa4 33. Re1 Kh7, Nf6+ Kh8 35. Be5 Bg7 36. Nxd5 f6 37. Bxf6 Bxf6 38. Nxf6 Qb5 39. Qh4 Kg7 1-0
"Firouzja, Alireza",2291,"Darban, M.",2345,0-1,"5""]"
N/A,N/A,N/A,N/A,N/A
N/A,N/A,N/A,N/A,N/A
N/A,N/A,N/A,N/A,N/A,"01.26""]", e4 c5 2. Nf3 Nc6 3. d4 cxd4 4. Nxd4 Nf6 5. Nc3 d6 6. Bg5 g6 7. Bxf6 exf6 8., Ndb5 O-O 10. O-O f5 11. exf5 Bxf5 12. Nxd6 Bxc2 13. Nxf7 Qxd1 14., Nxd1 Bf6 16. Ne6 Rfc8 17. Ne3 Na5 18. Rac1 Nxc4 19. Rxc2 Nxe3 20., fxe3 Bxb2 22. Rf7 Bc1 23. e4 Re8 24. Nc7 Be3+ 25. Kf1 Rxe4 26., Rxb7 Re5 28. Rd7 Rf5+ 29. Ke1 Rf2 30. Nc7 Bb6 31. Ne6 Rxg2 32. Rf7, Rf8+ Kh7 34. Rf7+ Kh6 35. Rf8 Rg1+ 36. Ke2 g5 37. Rf6+ Kh7 38. a4 g4 39., Kd3 Rxh2 41. Ke4 g3 42. Rf7+ Kg8 43. Rf5 Ra2 44. Rxh5 Rxa4+ 45. Kf3, Kg2 Kf7 47. Rh7+ Kf6 48. Nh5+ Kg6 49. Rh8 Bf2 50. Nf4+ Kf5 51. Nh3 Bd4, Re8 Be5 53. Rf8+ Kg4 54. Rg8+ Kf5 55. Rf8+ Kg6 56. Re8 Kf6 57. Ng1 a5 58., Kh3 Bd6 60. Ra8 a4 61. Nh4 a3 62. Ra6 Ke6 63. Ng2 Kd7 64. Ra7+ Kc6, Ra6+ Kc7 0-1
"Firouzja, Alireza",2291,"Tahbaz, Arash",2196,1-0,"10""]"
N/A,N/A,N/A,N/A,N/A
N/A,N/A,N/A,N/A,N/A
N/A,N/A,N/A,N/A,N/A,"01.26""]", e4 d6 2. d4 Nf6 3. Nc3 e5 4. Nf3 Nbd7 5. Bc4 Be7 6. O-O O-O 7. a4 c6 8. Re1, b3 Bb7 10. Ba3 a6 11. dxe5 dxe5 12. Bxe7 Qxe7 13. Nh4 b5 14. Bf1 g6 15., Qg3 Kh8 17. Nf3 Rfe8 18. axb5 Nh5 19. Qg5 f6 20. Qe3 axb5 21. Rad1, Rd2 Red8 23. Red1 Rxd2 24. Rxd2 Nfe6 25. h4 Rd8 26. Rxd8+ Qxd8 27. Ne2, h5 Qd6 29. hxg6 hxg6 30. Nh4 Ng5 31. Ng3 Bc8 32. b4 Na6 33. c3 Be6 34., Bh5 Qd7 36. Nxg6 Bf7 37. Nxe5 Qe6 38. Nf5+ Kh7 39. Nxf7 Nxf7 40., Qh3+ 1-0
"Firouzja, Alireza",2291,"Hosseinipour, M.",2295,1-0,"7""]"
N/A,N/A,N/A,N/A,N/A
N/A,N/A,N/A,N/A,N/A
N/A,N/A,N/A,N/A,N/A,"02.16""]", e4 c5 2. Nf3 d6 3. d4 cxd4 4. Nxd4 Nf6 5. Nc3 a6 6. Bc4 e6 7. Bb3 b5 8. Bg5, Qf3 Qb6 10. O-O-O O-O 11. Rhe1 Nbd7 12. Qg3 Nc5 13. Bh6 Ne8 14. f4 Nxb3+, axb3 Bb7 16. f5 e5 17. f6 Bxf6 18. Nf5 Rd8 19. Ne3 Kh8 20. Ned5 Bxd5 21., Nxf6 gxh6 23. Qh4 Qa1+ 24. Kd2 Qxb2 25. Qxh6 Nxf6 26. Qxf6+ Kg8, Re3 Rfe8 28. Rf1 1-0
"Firouzja, Alireza",2305,"Afsordeh, Farshad",N/A,1-0,"10""]"
N/A,N/A,N/A,N/A,N/A
N/A,N/A,N/A,N/A,N/A
N/A,N/A,N/A,N/A,N/A,"02.23""]", d4 Nf6 2. c4 g6 3. Nc3 Bg7 4. e4 d6 5. Be2 O-O 6. Bg5 h6 7. Be3 e5 8. d5, Qd2 Kh7 10. h4 Nc5 11. Qc2 Ng4 12. Bxg4 Bxg4 13. f3 Bd7 14. h5 g5 15., Nh3 f6 17. O-O Qc8 18. Nf2 a6 19. Rfd1 Rb8 20. b4 Nb7 21. Nd3 Bxg4, fxg4 Qxg4+ 23. Qg2 Qxh5 24. Rf1 a5 25. a3 Ra8 26. Ne2 Qg6 27. Ng3 Qe8 28., Qb2 c5 30. Rfc1 axb4 31. axb4 Qd7 32. bxc5 Nxc5 33. Bxc5 bxc5 34., Qxd6 Qh5 36. Nf2 g4 37. Rxa8 Rxa8 38. Qd7 Rg8 39. Nxg7 Rxg7 40., Qxg6+ Rxg6 42. Nd3 g3 43. Nxc5 h5 44. d6 f5 45. Rd1 f4 46. d7 1-0
"Firouzja, Alireza",2312,"Abdelnabbi, I.",2433,1-0,"30""]"
N/A,N/A,N/A,N/A,N/A
N/A,N/A,N/A,N/A,N/A
N/A,N/A,N/A,N/A,N/A,"04.13""]", e4 e5 2. Nf3 Nc6 3. Bb5 a6 4. Ba4 d6 5. d4 b5 6. Bb3 Nxd4 7. Nxd4 exd4 8., Bc6+ Bd7 10. Bxd7+ Qxd7 11. Qxd4 Nf6 12. O-O Be7 13. Nc3 O-O 14. Qd3, Rd1 Qe6 16. Be3 Ng4 17. Nd5 Bd8 18. f3 Nxe3 19. Nxe3 Qe5 20. c3 b4 21., bxc3 a5 23. Qc4 Kf8 24. Rab1 Rxb1 25. Rxb1 c5 26. Re1 Bh4 27. f4, g3 Bd8 29. Re3 h5 30. Qe2 g6 31. c4 Kg7 32. Qb2+ Bf6 33. e5 dxe5 34., Nxe8+ Qxe8 36. fxe5 Bg5 37. e6+ Bf6 38. Qb5 Qa8 39. e7 Bd4 40. e8=Q, Qe5+ 1-0
"Firouzja, Alireza",2312,"Grover, S.",2519,0-1,"25""]"
N/A,N/A,N/A,N/A,N/A
N/A,N/A,N/A,N/A,N/A
N/A,N/A,N/A,N/A,N/A,"04.20""]", e4 e6 2. d3 d5 3. Nd2 Nf6 4. Ngf3 b6 5. g3 Bb7 6. Bg2 c5 7. O-O Be7 8. e5, Re1 Nc6 10. Nf1 Qc7 11. Qe2 O-O-O 12. h4 h6 13. h5 Kb8 14. c3 Rdg8 15., dxc4 g6 17. hxg6 fxg6 18. Bd2 Rh7 19. Bc3 Rf7 20. Rad1 g5 21. Qd3, N3h2 g4 23. Ne3 h5 24. Nd5 Qc8 25. Nxe7 Nxe7 26. Bxb7 Kxb7 27. b4 Nf5, Qe4+ Qc6 29. Qxc6+ Kxc6 30. b5+ Kc7 31. a4 Nh7 32. a5 Ng5 33. Re2 bxa5 34., Bc3 h4 36. Rd3 Nf3+ 37. Kg2 Nxh2 38. Kxh2 hxg3+ 39. fxg3 Rh8+ 40., Kf2 Rh1 0-1
"Firouzja, Alireza",2277,"Poghosyan, S.",2273,0-1,"16""]"
N/A,N/A,N/A,N/A,N/A
N/A,N/A,N/A,N/A,N/A
N/A,N/A,N/A,N/A,N/A,"07.20""]", Nf3 Nf6 2. c4 g6 3. Nc3 c5 4. g3 Bg7 5. Bg2 Nc6 6. O-O O-O 7. d4 cxd4 8., e3 d6 10. b3 Nge5 11. Bb2 Bg4 12. f3 Bd7 13. Kh1 Rc8 14. Nde2 a6, h3 Nb4 16. Nc1 a5 17. f4 Nec6 18. Qd2 Re8 19. g4 Rb8 20. N1e2 Na7 21. f5 b5, a3 Nbc6 23. cxb5 Nxb5 24. Nxb5 Rxb5 25. Bxg7 Kxg7 26. Nd4 Nxd4 27. exd4 Qb6, Rae1 f6 29. Re3 Rxb3 30. Rxb3 Qxb3 31. Qxa5 Qc4 32. Qb6 Rc8 33. Re1 Kf8 34., d5 Qc3 36. Qf2 Re8 37. Re3 Qd4 38. Qg3 Rc8 39. Re1 Re8 40. Qf3, Re4 Qc5 42. Qg3 e5 43. Re1 Kg7 44. Rb1 Qa7 45. Qb3 Rc8 46. Qb4 Rc5 47., Qe3 Be8 49. Rf1 Bf7 50. Qf2 Qe7 51. Rd1 Ra5 52. Qe3 Qa7 53. Qxa7, Rc1 Kf8 55. Rc3 f5 56. gxf5 gxf5 57. Rf3 Bg6 58. Rg3 Kg7 59. Rc3 Kf6, Rc6 Ke7 61. Kg1 e4 62. Bf1 Rxa3 63. h4 Ra1 64. Kg2 f4 65. Rc7+ Kf6 66. Rd7, Rxd6+ Ke5 68. Ra6 f3+ 69. Kf2 Rxa6 70. Bxa6 Kf4 71. d6 e3+ 72. Ke1 Ke5, Be2 f2+ 74. Kd1 Bg4 0-1
"Firouzja, Alireza",2277,"Rasulov, Vu",2504,1-0,"9""]"
N/A,N/A,N/A,N/A,N/A
N/A,N/A,N/A,N/A,N/A
N/A,N/A,N/A,N/A,N/A,"07.20""]", e4 g6 2. d4 Bg7 3. Nf3 c6 4. Nc3 d6 5. Bc4 Nf6 6. e5 dxe5 7. Nxe5 O-O 8. O-O, Nxd7 Bxd7 10. Bf4 Bf5 11. Be5 Bh6 12. Bb3 Nd7 13. Qe2 Nxe5 14. dxe5 Qc8, Rad1 Bg4 16. f3 Be6 17. Ne4 b6 18. Ng3 a5 19. Qe4 Ra7 20. f4 Bg4 21. Rd3 e6, Qe3 a4 23. Bc4 Qb8 24. Ne4 Bg7 25. Rd6 Bf5 26. Rxc6 b5 27. Bd3 b4 28. Rb6, Rxb7 Qxb7 30. Qd4 Rb8 31. Nd6 Qc6 32. Qa7 Rf8 33. Bxf5 gxf5 34. c4 bxc3, bxc3 Qxc3 36. Qxa4 Qc7 37. Ne8 Qb7 38. h3 Bh6 39. Nf6+ Kh8 40. Qd1 Bg7 41., Rf2 Rb8 43. Qd2 Bf8 44. Kh2 Be7 45. Rf1 h6 46. Rd1 Rg8 47. Qe2 Qa4, Rd3 Qc4 49. Qf3 Bc5 50. Nf6 Rb8 51. Nd7 Rb1 52. Qa8+ 1-0
"Firouzja, Alireza",2309,"Karavade, E.",2409,0-1,"32""]"
N/A,N/A,N/A,N/A,N/A
N/A,N/A,N/A,N/A,N/A
N/A,N/A,N/A,N/A,N/A,"08.31""]", e4 c5 2. Nf3 e6 3. d4 cxd4 4. Nxd4 Nc6 5. Nc3 Qc7 6. Be3 a6 7. Qf3 d6 8., Qg3 Nf6 10. f4 g6 11. Be2 Rc8 12. Bf3 b5 13. Kb1 b4 14. Nce2 Nxd4, Bxd4 Qxc2+ 16. Ka1 Be7 17. Rc1 Qa4 18. e5 b3 19. Rxc8+ Bxc8 20. Bc6+ Qxc6, exf6 Qa4 22. a3 Bd8 23. f5 gxf5 24. Qxd6 Rg8 25. Ng3 Qd7 26. Nxf5 Qxd6 27., Nxf7 Rf8 29. Nxd8 Kxd8 30. Rf1 Rf7 31. Rf3 Ke8 32. Rxb3 Rd7 33., Rxc8+ Kf7 35. Rc7+ Kxf6 36. Rxh7 Rd2 37. Rh6+ Ke5 38. g4 Rg2 39., Kb1 a5 41. Rh5+ Kd4 42. Rxa5 Rxh3 43. Ra8 e5 44. Rd8+ Ke3 45. a4 Rh4, Rd5 Kf4 47. a5 Rxg4 48. a6 Rg8 49. a7 e4 50. Ra5 Ra8 51. Kc2 Kf3 52. Kd2, Ke1 Ke4 54. Ke2 Kd4 55. Ra4+ Kc5 56. Kxe3 Kb6 57. Kd4 Kb7 58. b4 Rd8+, Kc5 Ka8 0-1
"Firouzja, Alireza",2309,"Sumets, A.",2596,0-1,"22""]"
N/A,N/A,N/A,N/A,N/A
N/A,N/A,N/A,N/A,N/A
N/A,N/A,N/A,N/A,N/A,"08.31""]", e4 e6 2. d4 d5 3. Nc3 Nf6 4. Bg5 dxe4 5. Nxe4 Be7 6. Bxf6 gxf6 7. Nf3 a6 8., Qd2 Bb7 10. Nc3 Qd6 11. O-O-O Nd7 12. Qe3 O-O-O 13. d5 Qc5 14. dxe6, fxe3 fxe6 16. Nd4 Nf8 17. Be2 f5 18. Bf3 Bf6 19. c5 Bxf3 20. gxf3, Nb3 Nd7 22. Na4 Be7 23. Kb1 Rhg8 24. Rhg1 Rg6 25. Rc1 Rh8 26. Rgd1 Rd8, Naxc5 Nxc5 28. Rxd8+ Kxd8 29. Nxc5 Rh6 30. Nxa6 Bd6 31. a4 Rxh2 32. a5 f4, e4 Kc8 34. Nc5 e5 35. a6 Kb8 36. Na4 Rf2 37. Nc3 Rxf3 38. Nb5 Rb3 39. a7+, Nxc7+ Bxc7 41. Rxc7 Rb7 42. Rc3 Kxa7 43. Kc2 Rb4 44. Rc7+ Kb6 45. Rxh7, Kd3 Rd4+ 47. Ke2 Kc5 48. Kf3 Rb4 49. Rh2 Kd5 50. Kg4 Rb8 51. Rd2+ Ke6, Kf3 Kf5 53. Rc2 e4+ 54. Ke2 Kg4 55. Rd2 Rb3 0-1
"Firouzja, Alireza",2309,"Czebe, A.",2439,1-0,"33""]"
N/A,N/A,N/A,N/A,N/A
N/A,N/A,N/A,N/A,N/A
N/A,N/A,N/A,N/A,N/A,"08.31""]", Nf3 Nf6 2. g3 g6 3. b3 Bg7 4. Bb2 O-O 5. Bg2 d6 6. d4 e5 7. dxe5 Nfd7 8. O-O, c4 Ndxe5 10. Nxe5 Nxe5 11. Nc3 c6 12. Rc1 Bh6 13. Rc2 Bf5 14. e4 Bg4 15., h3 f5 17. f4 Nf7 18. Re2 Re8 19. exf5 gxf5 20. Rfe1 Bd7 21. Rxe8+, Qh5 Qf6 23. Nd1 Qg6 24. Qf3 Bd7 25. Kh2 Bg7 26. Bxg7 Kxg7 27. Qc3+ Qf6, Qb4 b6 29. Qd2 Re8 30. Rxe8 Bxe8 31. Ne3 Bd7 32. Nc2 Qb2 33. Qd3 Qxa2 34., Qc3 Ke7 36. Qe3+ Kd8 37. Ne6+ Ke7 38. Nc5+ Kd8 39. Nxd7 Kxd7 40., Qxc6 Qxb3 42. Qc7+ Kf6 43. Qxa7 Qxc4 44. Qxb6 h5 45. Qe3 Qe6 46., Qd3 Qf6 48. Bf3 Qb2+ 49. Be2 Qb6 50. Bxh5+ Kf6 51. Bxf7 Qb2+ 52., Kg2 1-0
"Firouzja, Alireza",2364,"Mike, Patryk",1781,1-0,"3""]"
N/A,N/A,N/A,N/A,N/A
N/A,N/A,N/A,N/A,N/A
N/A,N/A,N/A,N/A,N/A,"10.26""]", Nf3 d5 2. g3 Nf6 3. Bg2 h6 4. c4 c6 5. Qc2 g6 6. b3 Bg7 7. Bb2 O-O 8. d3 b6, O-O Bb7 10. Nbd2 c5 11. cxd5 Bxd5 12. a3 Na6 13. Be5 Rc8 14. Qb2 Qd7 15., Nc4 Nc7 17. b4 Ne6 18. b5 Ra8 19. a4 g5 20. Ne3 g4 21. Nxd5 gxf3, Bxf6 fxg2 23. Bxg7 Qxd5 24. Bxh6 f6 25. Be3 Kf7 26. Qa2 Qh5 27. Rc4 Rh8 28., Re4 Qf5 30. Kxg2 Rg4 31. Rxg4 Qxg4 32. Rh1 a6 33. bxa6 Ra8 34. Rc1, Rc4 Qf5 36. Rf4 Qe5 37. Qc4 Ra7 38. Re4 Qd6 1-0
"Firouzja, Alireza",2372,"Neelotpal, D.",2475,1-0,"48""]"
N/A,N/A,N/A,N/A,N/A
N/A,N/A,N/A,N/A,N/A
N/A,N/A,N/A,N/A,N/A,"01.04""]", Nf3 Nf6 2. g3 d5 3. Bg2 e6 4. O-O Be7 5. d3 c5 6. Nbd2 Nc6 7. e4 O-O 8. Re1, e5 Nd7 10. Nf1 b4 11. h4 a5 12. Bf4 a4 13. N1h2 a3 14. b3 Bb7 15. Bh3 Rc8, Ng5 Qe8 17. Ng4 Nd4 18. Ne3 Kh8 19. Bg2 Nxe5 20. Bxe5 f6 21. Bxd4 cxd4 22., Rxe3 Rf7 24. d4 Rc3 25. Rxc3 bxc3 26. Nf4 Bd6 27. Nxd5 f5 28. Qe1, f4 Bxd5 30. Bxd5 Re7 31. Qf2 Bb8 32. Rd1 Ba7 33. Bf3 Qd8 34. Kg2 Rd7, Qe3 Bxd4 36. Qe6 g6 37. Bc6 Rd6 38. Qe8+ Qxe8 39. Bxe8 Bc5 40. Rxd6 Bxd6, h5 Kg7 42. hxg6 hxg6 43. Kf3 Kf6 44. g4 Bc5 45. gxf5 gxf5 46. Ke2 Bd6 47., Kxc3 Ke5 49. b4 Kd6 50. Bg6 Ke5 51. Kb3 Bc1 52. c4 f4 53. Bh5 Ke4, c5 Kd5 55. Bf3+ Ke6 56. b5 Be3 57. Kc4 Kd7 58. b6 Kc8 59. Kb5 1-0
"Firouzja, Alireza",2372,"Tabatabaei, M.",2482,1-0,"1""]"
N/A,N/A,N/A,N/A,N/A
N/A,N/A,N/A,N/A,N/A
N/A,N/A,N/A,N/A,N/A,"12.21""]", e4 c5 2. Nf3 d6 3. d4 cxd4 4. Nxd4 Nf6 5. Nc3 a6 6. Be3 e5 7. Nb3 Be6 8. f3, Qd2 O-O 10. O-O-O a5 11. Kb1 a4 12. Nc1 a3 13. b3 Ra5 14. b4 Ra8 15. g4, g5 Nh5 17. Nd5 Bxd5 18. exd5 f5 19. gxf6 Bxf6 20. Nb3 Nc7 21. b5 Qd7, Qb4 Nf4 23. Bc4 Rfc8 24. Nd2 Ne8 25. Qb3 Bd8 26. Ne4 Qc7 27. Bf1 Nf6 28., Bd2 Qxb3+ 30. cxb3 Ba5 31. Bxf4 exf4 32. Nf5 Rd8 33. Nd4 Bc3 34., Nxf4 Be5 36. Ne6 Nh5 37. Bc4 b6 38. Rhe1 Bf6 39. Nd4 Rf8 40. Re6, Nf5 g6 42. Nxd6 Ng7 43. Rxf6 Rxf6 44. Ne4 Rf5 45. Rd3 Kf8 46. d6 Ne8, Be6 Re5 48. Bc4 Rf5 49. Kc2 Nf6 50. Kc3 Nd7 51. Re3 Ne5 52. Kb4 Nxf3 53., Nxg5 Rxg5 55. Re6 Rg2 56. d7 Rxd7 57. Rxb6 Ke7 58. Re6+ Kd8 59. b6, Bb5 Re7 61. Rf6 Rb7 62. Ba6 Ke7 63. Bxb7 Kxf6 64. Bc8 1-0
"Firouzja, Alireza",2372,"Rostami, R.",2150,1-0,"12""]"
N/A,N/A,N/A,N/A,N/A
N/A,N/A,N/A,N/A,N/A
N/A,N/A,N/A,N/A,N/A,"12.21""]", Nf3 Nf6 2. g3 g6 3. b3 Bg7 4. Bb2 O-O 5. Bg2 d6 6. d4 Nc6 7. O-O e5 8. dxe5, c4 dxe5 10. Qc1 e4 11. Ne1 Nd4 12. Nc3 Nc5 13. Ba3 Nde6 14. b4 Nd7 15., Bg2 Nb6 17. h4 Nh3+ 18. Kh2 Nxc4 19. Nf3 Nxf2 20. Rxf2 Qf6 21. Nd5, Rb1 Nxa3 23. Nxc7 Qb6 24. Nxa8 Qxf2 25. Qxa3 Bf5 26. Rf1 Qxe2 27. Qxa7, Rf2 Qb5 29. a3 h6 30. Nb6 Rc6 31. Na4 Ra6 32. Qb8+ Kh7 33. Nc5 Rxa3 34., Nd2 Qd4 36. Nde4 Qc4 37. Qe7 Ra1 38. Nf6+ Bxf6 39. Qxf6 Ra7 40., Nd6 1-0
"Firouzja, Alireza",2372,"Asgharzadeh, M.reza",2278,1-0,"3""]"
N/A,N/A,N/A,N/A,N/A
N/A,N/A,N/A,N/A,N/A
N/A,N/A,N/A,N/A,N/A,"12.21""]", e4 e5 2. Nf3 Nc6 3. Bb5 a6 4. Ba4 Nf6 5. O-O Be7 6. Re1 b5 7. Bb3 d6 8. c3, h3 Nb8 10. d4 Nbd7 11. Nbd2 Bb7 12. Bc2 Re8 13. a4 Bf8 14. Bd3 c6 15., b4 Rac8 17. Bb2 Nb6 18. axb5 cxb5 19. d5 Nh5 20. Bf1 g6 21. Nh2 Na4, Rxa4 bxa4 23. Qxa4 f5 24. c4 Bh6 25. Nb3 Rf8 26. c5 Bf4 27. c6 Bxh2+ 28., cxb7 Qxb7 30. Qxa6 Qxb4 31. Re3 Ra8 32. Qc6 Rac8 33. Qd7 Nf4 34., Qd7 Rad8 36. Qg4 Rc8 37. Qd1 Nd3 38. Bxd3 exd3 39. Rxd3 Rxf2 40., Rg3 Rcc2 42. Qg4 Qxd5 43. Be3 Rf1 44. Qd7 Rf7 45. Qd8+ Kg7 46. Qh4, Qh6+ Kf6 48. Nd2 Ke7 49. Qh4+ Kd7 50. Nc4 Qc6 51. Qg4+ Rf5 52. Nd2 Rc3, Qh4 Rf7 54. Qg4+ Rf5 55. Qh4 Rf7 56. Ne4 Rc4 57. Rg4 d5 58. Ng5 Re7 59., Nf6+ Kc8 61. Qxg4+ Kc7 62. Qf3 d4 63. Nd5+ Kd7 64. Nxe7 Qxf3 65., Nxg6 Ke6 67. Kg2 Kf6 68. Nxe5 1-0
"Firouzja, Alireza",2372,"Tregubov, P.",2589,1-0,"52""]"
N/A,N/A,N/A,N/A,N/A
N/A,N/A,N/A,N/A,N/A
N/A,N/A,N/A,N/A,N/A,"12.21""]", Nf3 d5 2. g3 Nf6 3. Bg2 Bf5 4. c4 e6 5. cxd5 exd5 6. d3 Bb4+ 7. Nc3 Nc6 8., Bg5 d4 10. Bxf6 Qxf6 11. Nd5 Qd6 12. Nxb4 Qxb4 13. Nd2 Ne5 14. Rc1, a3 Qb6 16. b4 Rfe8 17. Rc5 Bg4 18. Rxe5 Rxe5 19. Nc4 Qf6 20. Nxe5 Qxe5, Bxb7 Rb8 22. Bf3 Bh3 23. Re1 a5 24. Qd2 axb4 25. axb4 Qb5 26. Bg2 Be6 27., Qxb4 Rxb4 29. f4 h6 30. Rxc7 g5 31. Rc5 gxf4 32. gxf4 Kg7 33. Kf2, f5 Bd7 35. Rd5 Bc8 36. Bh3 Kf6 37. Rxd4 Ke5 38. Rh4 Ba6 39. d4+ Kd5 40., Rxh6 Bb5 42. Rd6 1-0
"Firouzja, Alireza",2323,"Vojdani, Siavosh",2125,1-0,"2""]", Nf3 d5 2. g3 c6 3. Bg2 Nf6 4. O-O Bg4 5. b3 e6 6. Bb2 Be7 7. d3 O-O 8., h3 Bh5 10. g4 Bg6 11. Nh4 e5 12. e3 Ne8 13. Nxg6 fxg6 14. c4, Nxc4 Qc7 16. b4 Nef6 17. Qb3 Kh8 18. Rac1 Rae8 19. b5 c5 20. a4, Rfd1 Ng8 22. Rc2 Bh4 23. a5 b6 24. axb6 axb6 25. Bc3 Re7 26. Ra1, Be1 h5 28. gxh5 gxh5 29. Ra8 Rxa8 30. Bxa8 Rf6 31. Be4 Qc8 32., Nd2 Qe6 34. Qxe6 Rxe6 35. Ra8 Nf6 36. Bf5 Re8 37. Rxe8 Nxe8, Nc4 Bd8 39. Nxe5 Nd6 40. Bd7 Nf6 41. Bc6 Bc7 42. Bc3 Kg8 43. Kg2 Kf8, e4 Ke7 45. f4 Nfe8 46. Kf3 Nc8 47. Ng6+ Kf7 48. f5 Ned6 49. Bd5+ Ke8, Bxg7 Nxb5 51. f6 Nd4+ 52. Kg2 Nd6 53. e5 1-0
